udi,issuing_agency,di,lot,serial
(01)IZ050768896441(17)271231(10)L50320(21)S062613,ICCBBA,IZ050768896441,L50320,S062613
(01)PC343175323345(17)271231(10)L15527(21)S518665,GS1,PC343175323345,L15527,S518665
(01)SJ139633467922(17)271231(10)L90281(21)S070918,GS1,SJ139633467922,L90281,S070918
(01)UM914914266601(17)271231(10)L78979(21)S152531,GS1,UM914914266601,L78979,S152531
(01)FP115315627570(17)271231(10)L98907(21)S768186,ICCBBA,FP115315627570,L98907,S768186
(01)GV953666522119(17)271231(10)L06181(21)S794659,GS1,GV953666522119,L06181,S794659
(01)BV297662673958(17)271231(10)L49104(21)S690297,ICCBBA,BV297662673958,L49104,S690297
(01)DS889643203608(17)271231(10)L54936(21)S264595,HIBCC,DS889643203608,L54936,S264595
(01)XQ244694860613(17)271231(10)L46360(21)S166110,GS1,XQ244694860613,L46360,S166110
(01)TX155239114975(17)271231(10)L56348(21)S798090,ICCBBA,TX155239114975,L56348,S798090
(01)IL676610531832(17)271231(10)L43749(21)S278112,HIBCC,IL676610531832,L43749,S278112
(01)HP696035445676(17)271231(10)L39460(21)S447976,ICCBBA,HP696035445676,L39460,S447976
(01)FJ139675740846(17)271231(10)L09756(21)S524283,HIBCC,FJ139675740846,L09756,S524283
(01)LW639438433391(17)271231(10)L84360(21)S084421,ICCBBA,LW639438433391,L84360,S084421
(01)PI730180481869(17)271231(10)L59924(21)S998279,ICCBBA,PI730180481869,L59924,S998279
(01)ZO660002980239(17)271231(10)L41336(21)S384535,HIBCC,ZO660002980239,L41336,S384535
(01)DU089516481038(17)271231(10)L70172(21)S485322,GS1,DU089516481038,L70172,S485322
(01)TS706965316395(17)271231(10)L16969(21)S055139,ICCBBA,TS706965316395,L16969,S055139
(01)TW979063715526(17)271231(10)L10698(21)S065195,HIBCC,TW979063715526,L10698,S065195
(01)LP395655332730(17)271231(10)L63427(21)S781061,GS1,LP395655332730,L63427,S781061
(01)DK466868159717(17)271231(10)L26172(21)S318663,GS1,DK466868159717,L26172,S318663
(01)NJ380062782883(17)271231(10)L08009(21)S707205,ICCBBA,NJ380062782883,L08009,S707205
(01)ZS565146034138(17)271231(10)L04693(21)S611756,ICCBBA,ZS565146034138,L04693,S611756
(01)AX307889374916(17)271231(10)L58575(21)S004574,GS1,AX307889374916,L58575,S004574
(01)SO209807377290(17)271231(10)L22765(21)S884523,GS1,SO209807377290,L22765,S884523
(01)UB766906036542(17)271231(10)L74195(21)S604463,GS1,UB766906036542,L74195,S604463
(01)LQ022644956801(17)271231(10)L31136(21)S730427,GS1,LQ022644956801,L31136,S730427
(01)GF512873000285(17)271231(10)L22511(21)S177722,GS1,GF512873000285,L22511,S177722
(01)ON401277428828(17)271231(10)L72805(21)S789224,ICCBBA,ON401277428828,L72805,S789224
(01)DZ600397704227(17)271231(10)L21659(21)S732633,GS1,DZ600397704227,L21659,S732633
(01)VJ238005900783(17)271231(10)L19295(21)S100310,GS1,VJ238005900783,L19295,S100310
(01)RN150517708039(17)271231(10)L87805(21)S083683,GS1,RN150517708039,L87805,S083683
(01)MM719619637091(17)271231(10)L73406(21)S069154,ICCBBA,MM719619637091,L73406,S069154
(01)OP665939325658(17)271231(10)L22655(21)S018883,HIBCC,OP665939325658,L22655,S018883
(01)IR554753742149(17)271231(10)L59281(21)S007284,GS1,IR554753742149,L59281,S007284
(01)WH251684126501(17)271231(10)L20614(21)S561484,ICCBBA,WH251684126501,L20614,S561484
(01)XU894132442985(17)271231(10)L15976(21)S976430,GS1,XU894132442985,L15976,S976430
(01)SG425349919392(17)271231(10)L08230(21)S404663,HIBCC,SG425349919392,L08230,S404663
(01)VC746902030893(17)271231(10)L58226(21)S253935,GS1,VC746902030893,L58226,S253935
(01)ZY734633129783(17)271231(10)L35615(21)S074791,GS1,ZY734633129783,L35615,S074791
(01)LK209691820340(17)271231(10)L29301(21)S861941,ICCBBA,LK209691820340,L29301,S861941
(01)CJ165103287054(17)271231(10)L97713(21)S266262,GS1,CJ165103287054,L97713,S266262
(01)ET094291167083(17)271231(10)L17553(21)S442927,GS1,ET094291167083,L17553,S442927
(01)GC102480375562(17)271231(10)L57716(21)S041665,HIBCC,GC102480375562,L57716,S041665
(01)OF419357636766(17)271231(10)L38954(21)S853339,HIBCC,OF419357636766,L38954,S853339
(01)FY980843270953(17)271231(10)L50093(21)S782016,HIBCC,FY980843270953,L50093,S782016
(01)SB030547338794(17)271231(10)L01129(21)S308220,HIBCC,SB030547338794,L01129,S308220
(01)AO909547955463(17)271231(10)L97976(21)S764124,HIBCC,AO909547955463,L97976,S764124
(01)YW914819653829(17)271231(10)L69466(21)S135101,ICCBBA,YW914819653829,L69466,S135101
(01)SJ771469197127(17)271231(10)L86134(21)S203156,HIBCC,SJ771469197127,L86134,S203156
(01)MX196419367999(17)271231(10)L90166(21)S032139,ICCBBA,MX196419367999,L90166,S032139
(01)MU898344423725(17)271231(10)L52224(21)S798364,GS1,MU898344423725,L52224,S798364
(01)SF273063792840(17)271231(10)L82850(21)S109291,ICCBBA,SF273063792840,L82850,S109291
(01)JQ356807668965(17)271231(10)L79791(21)S447647,GS1,JQ356807668965,L79791,S447647
(01)PT888885273407(17)271231(10)L60479(21)S537761,ICCBBA,PT888885273407,L60479,S537761
(01)JY880688192792(17)271231(10)L20281(21)S974391,GS1,JY880688192792,L20281,S974391
(01)ZD068978191295(17)271231(10)L80681(21)S378362,ICCBBA,ZD068978191295,L80681,S378362
(01)BW425595688707(17)271231(10)L63256(21)S143604,GS1,BW425595688707,L63256,S143604
(01)CW493985201273(17)271231(10)L58441(21)S730329,GS1,CW493985201273,L58441,S730329
(01)LF306156990367(17)271231(10)L13923(21)S151338,ICCBBA,LF306156990367,L13923,S151338
(01)HM769452229390(17)271231(10)L39171(21)S646855,GS1,HM769452229390,L39171,S646855
(01)MB397343161975(17)271231(10)L05481(21)S323027,HIBCC,MB397343161975,L05481,S323027
(01)SL675066555648(17)271231(10)L65753(21)S002085,GS1,SL675066555648,L65753,S002085
(01)ZM743814958373(17)271231(10)L36219(21)S649707,ICCBBA,ZM743814958373,L36219,S649707
(01)QO256414380926(17)271231(10)L17864(21)S992557,HIBCC,QO256414380926,L17864,S992557
(01)AI103499109536(17)271231(10)L75637(21)S995613,GS1,AI103499109536,L75637,S995613
(01)IC156254308330(17)271231(10)L31259(21)S861893,ICCBBA,IC156254308330,L31259,S861893
(01)NK689945483124(17)271231(10)L42574(21)S472318,GS1,NK689945483124,L42574,S472318
(01)AO956338167613(17)271231(10)L09451(21)S414758,HIBCC,AO956338167613,L09451,S414758
(01)GV643202345645(17)271231(10)L36651(21)S935901,HIBCC,GV643202345645,L36651,S935901
(01)KV172300337383(17)271231(10)L46825(21)S582469,HIBCC,KV172300337383,L46825,S582469
(01)YP989022399389(17)271231(10)L60431(21)S067918,GS1,YP989022399389,L60431,S067918
(01)WM055162145330(17)271231(10)L00702(21)S870804,ICCBBA,WM055162145330,L00702,S870804
(01)YW252245783826(17)271231(10)L75206(21)S561294,HIBCC,YW252245783826,L75206,S561294
(01)TV338727362841(17)271231(10)L01956(21)S744150,HIBCC,TV338727362841,L01956,S744150
(01)RC492022451739(17)271231(10)L01396(21)S856387,GS1,RC492022451739,L01396,S856387
(01)EA895674417659(17)271231(10)L19257(21)S382842,HIBCC,EA895674417659,L19257,S382842
(01)GP609732842134(17)271231(10)L39616(21)S476646,HIBCC,GP609732842134,L39616,S476646
(01)VP966141890113(17)271231(10)L27666(21)S632683,HIBCC,VP966141890113,L27666,S632683
(01)TN395680403986(17)271231(10)L30323(21)S413526,ICCBBA,TN395680403986,L30323,S413526
(01)VY143692759420(17)271231(10)L80692(21)S205327,GS1,VY143692759420,L80692,S205327
(01)ES703380610363(17)271231(10)L82615(21)S195804,GS1,ES703380610363,L82615,S195804
(01)GU662031692523(17)271231(10)L54513(21)S571682,ICCBBA,GU662031692523,L54513,S571682
(01)HH405107230958(17)271231(10)L08826(21)S473211,ICCBBA,HH405107230958,L08826,S473211
(01)VB306598616266(17)271231(10)L41698(21)S753679,HIBCC,VB306598616266,L41698,S753679
(01)IK775466159145(17)271231(10)L00268(21)S113513,HIBCC,IK775466159145,L00268,S113513
(01)TV558456150320(17)271231(10)L32358(21)S070971,HIBCC,TV558456150320,L32358,S070971
(01)EC807495140849(17)271231(10)L30698(21)S506153,ICCBBA,EC807495140849,L30698,S506153
(01)FN394044259726(17)271231(10)L85005(21)S055427,ICCBBA,FN394044259726,L85005,S055427
(01)VM875138567081(17)271231(10)L91232(21)S453483,HIBCC,VM875138567081,L91232,S453483
(01)IL770510726159(17)271231(10)L37141(21)S692945,GS1,IL770510726159,L37141,S692945
(01)HL471060694095(17)271231(10)L35284(21)S229193,GS1,HL471060694095,L35284,S229193
(01)JC694501508197(17)271231(10)L59516(21)S579489,ICCBBA,JC694501508197,L59516,S579489
(01)JG349883731269(17)271231(10)L52426(21)S591591,ICCBBA,JG349883731269,L52426,S591591
(01)QZ474292552567(17)271231(10)L15291(21)S184181,ICCBBA,QZ474292552567,L15291,S184181
(01)GU856649193262(17)271231(10)L91605(21)S660881,GS1,GU856649193262,L91605,S660881
(01)UA048423932617(17)271231(10)L26869(21)S912351,GS1,UA048423932617,L26869,S912351
(01)LQ792712097394(17)271231(10)L31963(21)S829901,HIBCC,LQ792712097394,L31963,S829901
(01)LE571806181988(17)271231(10)L12025(21)S922014,GS1,LE571806181988,L12025,S922014
(01)VF783565060284(17)271231(10)L36879(21)S083723,HIBCC,VF783565060284,L36879,S083723
